Name,Term,ES,NES,NOM p-val,FDR q-val,FWER p-val,Tag %,Gene %,Lead_genes
prerank,TNF-alpha Signaling via NF-kB,-0.40961398364411883,-1.8764583542665259,1.000000e-03,1.106719e-02,9.000000e-03,58/130,23.91%,MAP3K8;GADD45B;MAFF;IFIT2;BCL6;FOSL2;IRS2;DUSP2;ZC3H12A;EGR1;GCH1;IER3;GPR183;MAP2K3;TIPARP;SAT1;TNIP2;PFKFB3;ID2;BIRC2;TNFRSF9;PER1;CCL5;RNF19B;BCL3;IER5;PMEPA1;IL15RA;CCL4;DRAM1;NFKB1;IER2;EIF1;NFIL3;SLC16A6;IL18;RCAN1;REL;RIPK2;TRAF1;BIRC3;NFE2L2;TUBB2A;AREG;RELB;ICAM1;IRF1;BTG3;PDE4B;NFKBIE;ATP2B1;NR4A2;TNFSF9;B4GALT1;KLF10;SPHK1;SIK1;DUSP5
prerank,UV Response Dn,0.4312733466751736,1.7877060778771319,1.000000e-03,8.625671e-03,1.000000e-02,30/82,21.88%,TGFBR2;MAPK14;PIK3CD;ADD3;WDR37;ATP2B4;SPOP;CELF2;NEK7;CITED2;CDKN1B;ERBB2;BMPR1A;AKT3;ATRX;PTPRM;DUSP1;SIPA1L1;PTEN;SCAF8;NIPBL;AGGF1;DLG1;MT1E;PDLIM5;SMAD3;PEX14;BCKDHB;PIK3R3;MAP2K5
prerank,Myc Targets V1,0.3640256656295365,1.738294558839515,1.000000e-03,1.254643e-02,3.100000e-02,60/184,17.37%,G3BP1;KPNB1;XPO1;ODC1;NOLC1;PSMD1;SRSF1;COPS5;DDX18;PHB2;HNRNPD;TCP1;XRCC6;PTGES3;DUT;HDDC2;TOMM70;HNRNPA2B1;CCT3;SRPK1;RAD23B;PSMB2;SSB;EIF2S1;RFC4;SMARCC1;PRDX4;DEK;IMPDH2;CNBP;BUB3;RAN;CBX3;GLO1;RRM1;EEF1B2;DHX15;SYNCRIP;NAP1L1;EPRS1;NPM1;YWHAQ;FBL;RACK1;PABPC1;GNL3;CCT4;HNRNPA3;CLNS1A;CCT2;ABCE1;PRPS2;LSM2;CCT7;UBA2;RANBP1;PRDX3;GSPT1;SF3A1;TFDP1
prerank,Epithelial Mesenchymal Transition,-0.41174586778532335,-1.665089865307362,3.952569e-03,4.488362e-02,7.000000e-02,20/67,19.19%,GADD45B;VIM;PPIB;SNTB1;LGALS1;TGFB1;SGCB;SAT1;TIMP1;ID2;IGFBP4;QSOX1;PMEPA1;CALU;PCOLCE;P3H1;COL6A2;AREG;SPARC;PLOD1
prerank,Apical Junction,0.34227704968631023,1.4553689406931505,1.147228e-02,1.286009e-01,3.730000e-01,21/83,17.25%,MAPK14;TIAL1;PTPRC;ARHGEF6;ATP1A3;CERCAM;VCL;THBS3;PLCG1;ICAM2;AKT3;YWHAH;PCDH1;MAP4K2;HADH;CAP1;PTEN;RASA1;VASP;DLG1;DHX16
prerank,PI3K/AKT/mTOR  Signaling,-0.3363582885021362,-1.4289451465339786,2.226721e-02,2.496267e-01,4.440000e-01,22/83,14.94%,ARHGDIA;ARF1;GRK2;AKT1;CSNK2B;MAP2K3;MAPK9;RAC1;SLC2A1;CALR;PRKAG1;MKNK2;PIN1;NFKBIB;RIT1;MKNK1;PRKAR2A;PRKCB;CFL1;MAPKAP1;VAV3;PLCB1
prerank,Glycolysis,0.30799678263995167,1.3640382805178721,2.958580e-02,2.050557e-01,6.180000e-01,37/118,21.65%,ALDH9A1;KIF2A;PGAM1;UGP2;RPE;ANKZF1;SOD1;ME2;ISG20;FAM162A;CITED2;MDH1;HS2ST1;AK3;PFKP;SLC25A13;FKBP4;PKM;HDLBP;SLC16A3;CHPF;FUT8;EXT2;CHST12;AKR1A1;SDHC;COPB2;NASP;PYGB;B3GAT1;CYB5A;BPNT1;ENO2;MED24;PAM;ALG1;AGL
prerank,E2F Targets,0.2942793961110035,1.3577897157919716,1.964637e-02,1.729839e-01,6.440000e-01,50/150,22.71%,XPO1;DCK;LBR;PRKDC;PPP1R8;NOLC1;SRSF1;TMPO;SMC6;ANP32E;HNRNPD;XRCC6;RPA3;DUT;MCM3;CDKN1B;EIF2S1;ASF1A;PRDX4;DEK;PAN2;CSE1L;RAN;CDKN2A;CDC25B;PMS2;RPA2;PSIP1;LIG1;SMC1A;SYNCRIP;NAP1L1;EXOSC8;POP7;SSRP1;ZW10;MRE11;RANBP1;GSPT1;TUBB;NASP;NOP56;TIMELESS;RAD51C;TBRG4;HELLS;HMGA1;TP53;CTCF;BRMS1L
prerank,p53 Pathway,-0.2757004324188768,-1.2886735317487668,4.612159e-02,5.435222e-01,8.170000e-01,28/142,11.76%,MXD4;DNTTIP2;AEN;H2AJ;CD81;UPP1;DDIT4;IER3;FBXW7;TGFB1;NUDT15;SAT1;HEXIM1;SERTAD3;CTSD;MKNK2;NOTCH1;RNF19B;TRIAP1;IER5;CGRRF1;PIDD1;DRAM1;TSPYL2;S100A4;SOCS1;RGS16;S100A10
prerank,Unfolded Protein Response,-0.2797620115836333,-1.2398338437249075,8.624230e-02,6.212385e-01,8.990000e-01,31/100,22.57%,ATF4;DCP1A;DDIT4;CEBPG;H2AX;ERN1;TATDN2;CALR;EXOSC10;EIF4A1;SLC7A5;POP4;TSPYL2;CKS1B;WIPI1;BAG3;LSM1;PAIP1;DNAJC3;EDC4;GEMIN4;TUBB2A;NFYA;SHC1;ASNS;HSPA5;SLC1A4;PDIA6;EXOSC1;HYOU1;CNOT2
prerank,Xenobiotic Metabolism,-0.28156421108818874,-1.2196678074460396,1.229839e-01,5.947592e-01,9.310000e-01,21/96,14.37%,DHRS1;MARCHF6;PTS;UPP1;GCH1;SLC35B1;ASL;SERTAD1;ID2;GABARAPL1;FBP1;IGFBP4;KARS1;TPST1;ACP1;HES6;AP4B1;ACOX1;PEMT;PINK1;POR
prerank,Estrogen Response Early,-0.2833043059834927,-1.204901772685493,1.288344e-01,5.628458e-01,9.420000e-01,25/85,17.80%,SLC22A5;SYNGR1;NADSYN1;TIPARP;ITPK1;FASN;SLC2A1;MICB;ISG20L2;IGFBP4;MED13L;SLC7A5;CHPT1;DHRS3;SNX24;ABCA3;ADCY9;NXT1;SLC19A2;CLIC3;UNC119;BAG1;TBC1D30;IGF1R;AREG
prerank,IL-2/STAT5 Signaling,-0.2617959462852472,-1.20087648108792,9.361702e-02,5.061704e-01,9.450000e-01,32/127,18.33%,MAP3K8;GADD45B;MAPKAPK2;MAFF;IGF2R;CD81;IFNGR1;FURIN;CD79B;GLIPR2;P2RX4;TNFRSF9;GABARAPL1;ITGAE;ENO3;CASP3;IL4R;DHRS3;SOCS1;RGS16;NFIL3;PTRH2;LRRC8C;EEF1AKMT1;TRAF1;NFKBIZ;IGF1R;PLSCR1;POU2F1;PDCD2L;SNX9;PLEC
prerank,G2-M Checkpoint,0.255068593025926,1.1786606312344896,1.477046e-01,5.313936e-01,9.700000e-01,27/143,11.81%,G3BP1;MAPK14;KPNB1;XPO1;ODC1;KATNA1;LBR;NUP50;NOLC1;SRSF1;TMPO;HNRNPD;MCM3;RAD23B;CDKN1B;SMARCC1;E2F4;ATRX;HIF1A;BUB3;CDC25B;RPA2;CHMP1A;PAFAH1B1;SMC1A;SYNCRIP;ARID4A
prerank,Adipogenesis,0.2488476779428612,1.1608407447361426,1.611002e-01,5.094747e-01,9.820000e-01,42/144,21.16%,ARAF;ATP5PO;CHCHD10;PREB;GHITM;TOB1;SOD1;ELOVL6;GPAT4;STOM;UBQLN1;IMMT;STAT5A;PGM1;PPM1B;G3BP2;MRPL15;LPCAT3;GPHN;HADH;ACADM;DBT;DDT;SLC66A3;RMDN3;PHYH;UBC;BCL2L13;ADIPOR2;CAT;PRDX3;SDHC;COQ5;ABCB8;CMPK1;GPD2;PEX14;QDPR;DHRS7B;RETSAT;IDH3A;ACAA2
prerank,Oxidative Phosphorylation,-0.23567010114330345,-1.1576890790536203,1.313559e-01,5.897038e-01,9.790000e-01,45/197,16.71%,TIMM17A;TCIRG1;ATP5MC1;ATP6V1H;TIMM8B;FXN;SUPV3L1;NDUFB7;CS;NDUFA1;NDUFC2;UQCR11;UQCRFS1;MRPS11;COX7B;SDHB;HSD17B10;ECHS1;NDUFB6;NDUFB1;TOMM22;NDUFB8;ATP6V0C;COX5B;NDUFA4;COX6A1;ATP5ME;SURF1;ISCA1;GRPEL1;LRPPRC;UQCRQ;MRPS22;LDHA;ATP6V1G1;NDUFS6;POR;SLC25A5;COX8A;NDUFA9;ACAA1;DLST;NDUFS3;BCKDHA;SDHA
prerank,Cholesterol Homeostasis,-0.2914669750164148,-1.149684658130247,2.151639e-01,5.571717e-01,9.810000e-01,27/54,32.57%,LGALS3;STX5;FASN;PCYT2;STARD4;ATF5;NFIL3;MVD;PMVK;PLSCR1;IDI1;FABP5;SC5D;S100A11;CYP51A1;FADS2;HMGCR;TM7SF2;TP53INP1;ECH1;TMEM97;LDLR;HSD17B7;NIBAN1;ERRFI1;DHCR7;NSDHL
prerank,Hypoxia,-0.2554872467638617,-1.1454382078165284,1.915789e-01,5.210524e-01,9.830000e-01,20/111,12.10%,JMJD6;MAFF;FOSL2;IRS2;DDIT4;IER3;TIPARP;SLC2A1;PFKFB3;FBP1;PRKCA;PRDX5;ENO3;B3GALT6;S100A4;GAPDH;EXT1;NOCT;NFIL3;IDS
prerank,Inflammatory Response,-0.2626013630383936,-1.1393984236802466,2.210744e-01,4.961792e-01,9.850000e-01,37/92,26.60%,GCH1;GPR183;TIMP1;LTA;CD70;P2RX4;TNFRSF9;CCL5;IL4R;LY6E;IL15RA;NFKB1;RGS16;LYN;TAPBP;BEST1;IL18;RIPK2;BST2;C3AR1;ICAM1;IRF1;P2RX7;KIF1B;SLC4A4;IL2RB;PDE4B;ATP2B1;EIF2AK2;TNFSF9;RGS1;SPHK1;RHOG;SLC31A1;IFITM1;IL18RAP;SEMA4D
prerank,Bile Acid Metabolism,0.28707083126997457,1.1357242023700826,2.365385e-01,5.180303e-01,9.930000e-01,20/56,28.45%,ALDH9A1;GCLM;SOD1;LONP2;ISOC1;CROT;LCK;ABCA2;PHYH;FDXR;CAT;PEX19;PEX16;RETSAT;ABCD3;SLC35B2;MLYCD;ACSL1;PNPLA8;SCP2
prerank,Allograft Rejection,0.2481842256926334,1.12768171848663,2.148289e-01,4.839960e-01,9.950000e-01,32/126,18.44%,ETS1;EIF3A;ST8SIA4;STAT4;DARS1;PTPRC;TAP1;CD47;PRF1;GZMB;IFNG;IL27RA;MRPL3;GPR65;HIF1A;CDKN2A;NCK1;FCGR2B;GLMN;KLRD1;F2R;IFNAR2;NPM1;LCK;CD247;ABCE1;EIF4G3;LCP2;LTB;FAS;CD2;AARS1
prerank,Myogenesis,-0.2720655516410284,-1.104576457255964,2.965235e-01,5.655620e-01,9.970000e-01,23/64,24.44%,GADD45B;MEF2D;TGFB1;ENO3;NOTCH1;NCAM1;LSP1;RIT1;SORBS3;TPM3;DENND2B;LPIN1;ADCY9;OCEL1;BAG1;COL6A2;SPARC;GSN;DMPK;PDLIM7;IFRD1;SPHK1;GNAO1
prerank,Mitotic Spindle,-0.23772039567166292,-1.1043730613888052,2.312500e-01,5.256039e-01,9.970000e-01,35/144,16.72%,MAPRE1;ARHGAP4;NCK2;ARHGDIA;CDC42;PLEKHG2;ARHGEF7;DYNLL2;PREX1;ARL8A;FBXO5;MYO9B;CSNK1D;LATS1;ARHGAP5;PCGF5;ACTN4;YWHAE;LRPPRC;PKD2;SMC3;SEPTIN9;SORBS2;TRIO;TAOK2;BCR;ATG4B;ARF6;TUBD1;OPHN1;KIF22;CEP131;TUBA4A;DOCK2;GEMIN4
prerank,DNA Repair,-0.23394417131865483,-1.084129337033027,2.648871e-01,5.527039e-01,9.970000e-01,39/138,20.76%,ALYREF;ELOA;NME1;VPS37B;DCTN4;TAF10;ERCC3;STX3;ERCC1;TK2;POLR2C;POLR2D;POLR1C;RNMT;AGO4;POLR2G;SURF1;TMED2;ELL;GUK1;NUDT21;PDE6G;POLR3C;TYMS;POLR2E;EDF1;GTF3C5;SMAD5;NELFCD;BRF2;POM121;POLR2J;POLH;POLB;DDB1;RAE1;SNAPC5;PDE4B;ITPA
prerank,Apoptosis,0.23859930793625822,1.0685901098209276,3.178295e-01,6.117953e-01,1.000000e+00,18/118,9.09%,SPTAN1;SLC20A1;DPYD;JUN;TAP1;ADD1;SOD1;PRF1;HSPB1;ISG20;MCL1;DAP3;CDKN1B;ERBB2;PPP3R1;PSEN1;BCL2L1;CDC25B
prerank,Notch Signaling,-0.3501527794820209,-1.068128938386473,3.719008e-01,5.634278e-01,9.970000e-01,5/18,17.30%,PRKCA;NOTCH1;LFNG;APH1A;ARRB1
prerank,Spermatogenesis,-0.27934800172487695,-1.0568439294778667,3.663158e-01,5.608101e-01,9.980000e-01,17/45,27.89%,TSN;PRKAR2A;DBF4;CSNK2A2;TLE4;LPIN1;PHKG2;BRAF;PHF7;CHFR;HSPA2;TALDO1;MLF1;CAMK4;COIL;AGFG1;POMC
prerank,Protein Secretion,-0.25240264186168343,-1.0492706934981615,3.564155e-01,5.513102e-01,9.980000e-01,9/83,3.19%,NAPG;ARF1;IGF2R;GNAS;ATP6V1H;CD63;TMED10;RAB14;STAM
prerank,KRAS Signaling Up,-0.240330661300999,-1.03134532515915,3.739496e-01,5.692809e-01,9.980000e-01,23/85,19.49%,WDR33;GALNT3;SPRY2;USP12;ID2;TRIB2;CTSS;HDAC9;LAT2;GADD45G;RGS16;CDADC1;PTBP2;GYPC;TRAF1;DUSP6;BIRC3;DOCK2;ENG;C3AR1;MMD;GUCY1A1;PRELID3B
prerank,Fatty Acid Metabolism,0.2295132024051101,1.010936082982863,4.355140e-01,7.419502e-01,1.000000e+00,28/113,21.16%,ODC1;ALDH9A1;CRYZ;ACSS1;HSPH1;RDH11;SUCLG2;FH;MDH1;YWHAH;HMGCS1;ACSL4;HSDL2;HADH;HPGD;ACADM;ADSL;CPT1A;UROD;ADIPOR2;SDHC;PPARA;GPD2;BCKDHB;HCCS;ENO2;RETSAT;ACAA2
prerank,Interferon Gamma Response,-0.2099023532736443,-0.9920231014825281,4.599589e-01,6.526570e-01,9.990000e-01,40/158,20.67%,XCL1;IFIT2;MX2;UPP1;GCH1;ZBP1;CCL5;CASP3;IL4R;AUTS2;LY6E;IL15RA;IFI44L;NFKB1;USP18;MVP;ISG15;SOCS1;PARP12;HLA-DRB1;CD38;CASP4;TRIM25;TAPBP;APOL6;PSME2;RIPK2;WARS1;BST2;LAP3;LATS2;PLSCR1;ICAM1;IRF1;PSME1;MX1;VAMP5;LYSMD2;IL2RB;PDE4B
prerank,Estrogen Response Late,-0.2312429314139431,-0.9677995531383968,5.154185e-01,6.914361e-01,9.990000e-01,22/75,21.65%,SLC22A5;DUSP2;ITPK1;ID2;MICB;IGFBP4;SLC7A5;CHPT1;ABCA3;NXT1;CLIC3;BAG1;METTL3;FABP5;AREG;IDH2;SLC2A8;PPIF;BTG3;SNX10;SLC16A1;SLC1A4
prerank,UV Response Up,-0.216162787516876,-0.9603394235562325,5.548780e-01,6.827005e-01,9.990000e-01,34/107,25.12%,GCH1;CEBPG;H2AX;FURIN;CLTB;PRKACA;CASP3;NPTXR;AGO2;GRPEL1;EIF5;LYN;CDC5L;PDAP1;STARD3;ACAA1;TUBA4A;ICAM1;IRF1;MGAT1;HSPA2;ASNS;PPIF;BTG3;BAK1;ARRB2;HMOX1;WIZ;POLG2;BID;E2F5;PSMC3;HLA-F;MARK2
prerank,Coagulation,0.26667600256023605,0.9578639355248091,5.198330e-01,8.617176e-01,1.000000e+00,4/37,3.90%,USP11;ARF4;PLEK;ISCU
prerank,Androgen Response,0.2220795039013087,0.9100548945958944,6.394422e-01,9.542525e-01,1.000000e+00,14/71,14.78%,XRCC5;SLC26A2;XRCC6;FKBP5;LMAN1;MYL12A;APPBP2;ABHD2;TMEM50A;HMGCS1;HPGD;ZBTB10;IQGAP2;TSC22D1
prerank,Complement,0.20421943856572933,0.9024977699941514,6.963947e-01,9.095602e-01,1.000000e+00,19/109,13.02%,RASGRP1;KIF2A;S100A9;PIK3CG;IRF2;EHD1;PLEK;ANXA5;GZMB;PPP4C;PRDM4;DOCK10;USP14;PSEN1;PIM1;SPOCK2;LCK;PIK3CA;CTSC
prerank,Reactive Oxygen Species Pathway,0.2318246813917193,0.8729493468060732,7.003968e-01,9.326702e-01,1.000000e+00,16/46,26.12%,MBP;GCLM;SOD1;PRDX4;PRDX2;PFKP;IPCEF1;HMOX2;JUNB;CAT;PDLIM1;SELENOS;TXNRD1;PRDX6;GPX4;TXNRD2
prerank,heme Metabolism,-0.1871791686526036,-0.8582922235120128,8.329670e-01,9.368620e-01,1.000000e+00,18/132,11.36%,SLC25A38;RBM5;HDGF;RBM38;CIR1;MAP2K3;SLC2A1;HEBP1;RAD23A;GLRX5;TENT5C;TMEM9B;RIOK3;FBXO9;KDM7A;ISCA1;DMTN;HBQ1
prerank,TGF-beta Signaling,0.2368056110675623,0.8491810916301444,7.041420e-01,9.296611e-01,1.000000e+00,9/39,17.97%,SLC20A1;FNTA;HDAC1;BMPR1A;JUNB;PPP1R15A;PPM1A;CTNNB1;SMAD3
prerank,mTORC1 Signaling,0.17822466947113733,0.8480413826445337,8.683206e-01,8.774660e-01,1.000000e+00,49/171,26.52%,UCHL5;HSPA4;ADD3;SYTL2;COPS5;ELOVL6;ACTR3;RDH11;GTF2H1;USO1;ABCF2;IMMT;CCT6A;STIP1;PGM1;SLC2A3;HMGCS1;CYB5B;ACTR2;RPN1;EPRS1;CTSC;FDXR;ADIPOR2;PPP1R15A;PSMG1;PSMD13;QDPR;SKAP2;SQSTM1;UBE2D3;PIK3R3;GMPS;TXNRD1;GGA2;NMT1;PSME3;EIF2S2;ATP6V1D;SHMT2;PSMB5;DHFR;TES;SLA;GLA;PITPNB;SERP1;NFYC;RPA1
prerank,IL-6/JAK/STAT3 Signaling,-0.21803478168519647,-0.821048605320014,7.693878e-01,9.782170e-01,1.000000e+00,7/43,13.19%,MAP3K8;IFNGR1;TGFB1;IL4R;IL15RA;SOCS1;CD38
prerank,Interferon Alpha Response,-0.19154465619443148,-0.8201487725551023,8.378906e-01,9.405639e-01,1.000000e+00,19/86,20.25%,IFIT2;TENT5A;OAS1;IL4R;LY6E;IFI44L;USP18;ISG15;PARP12;TRIM25;PSME2;RIPK2;WARS1;BST2;LAP3;PLSCR1;IRF1;PSME1;MX1
prerank,Apical Surface,-0.2525597186870909,-0.7745123125562762,7.693966e-01,9.719739e-01,1.000000e+00,2/19,3.83%,MDGA1;GATA3
prerank,Pperoxisome,0.18228497424278237,0.7527389187203118,9.111969e-01,9.794057e-01,1.000000e+00,23/76,26.93%,ALDH9A1;SOD1;LONP2;RDH11;ISOC1;SMARCC1;CNBP;YWHAH;CADM1;ACSL4;PABPC1;FDPS;CAT;PEX14;RETSAT;VPS4B;ABCD3;SLC35B2;ABCC5;MLYCD;ECI2;ACSL1;PEX2
prerank,Wnt-beta Catenin Signaling,0.2221009583375869,0.7333710531737564,8.721374e-01,9.447792e-01,1.000000e+00,9/26,28.12%,MAML1;HDAC5;KAT2A;PTCH1;CTNNB1;HEY2;TP53;CCND2;DVL2
prerank,Myc Targets V2,-0.18923943707383428,-0.7316775097582212,9.115226e-01,9.781486e-01,1.000000e+00,4/51,3.54%,DUSP2;BYSL;SUPV3L1;PPRC1
prerank,KRAS Signaling Dn,-0.18071758318254366,-0.6557851904506673,9.676768e-01,9.843654e-01,1.000000e+00,15/41,30.92%,PTPRJ;TENT5C;LFNG;IFI44L;GTF3C5;PDE6B;SKIL;MX1;NR4A2;NUDT11;ZBTB16;MSH5;DTNB;IDUA;ASB7
