Gene_set,Term,Overlap,P-value,Adjusted P-value,Old P-value,Old Adjusted P-value,Odds Ratio,Combined Score,Genes
MSigDB_Hallmark_2020,IL-2/STAT5 Signaling,3/199,0.00019979316242090065,0.0021977247866299,0,0,33.65986394557823,286.7223926579154,CD83;GSTO1;AHR
GO_Biological_Process_2023,Response To Molecule Of Bacterial Origin (GO:0002237),4/69,6.287677893870235e-08,1.3895768145453217e-05,0,0,153.25384615384615,2541.26890359104,PELI1;AHR;S100A9;S100A8
GO_Biological_Process_2023,Leukocyte Aggregation (GO:0070486),2/7,6.918336203504576e-06,0.0007644761504872557,0,0,799.32,9496.988892240155,S100A9;S100A8
GO_Biological_Process_2023,Peptidyl-Cysteine Modification (GO:0018198),2/9,1.1852169299324696e-05,0.0008731098050502526,0,0,570.8857142857142,6475.556453852173,S100A9;S100A8
GO_Biological_Process_2023,Regulation Of Organelle Organization (GO:0033043),3/100,2.5822694403897266e-05,0.0014077576777208,0,0,68.35395189003437,722.1087027443646,RDX;S100A9;S100A8
GO_Biological_Process_2023,Response To Lipid (GO:0033993),3/110,3.434912233589225e-05,0.0014077576777208,0,0,61.93457943925234,636.6214599635133,PELI1;S100A9;S100A8
GO_Biological_Process_2023,Regulation Of Cytoskeleton Organization (GO:0051493),3/114,3.8219665458485375e-05,0.0014077576777208,0,0,59.69069069069069,607.1832784354182,RALA;S100A9;S100A8
GO_Biological_Process_2023,Response To Lipopolysaccharide (GO:0032496),3/159,0.00010290351209622948,0.0032488108818952,0,0,42.376068376068375,389.0851430238389,PELI1;S100A9;S100A8
GO_Biological_Process_2023,Defense Response To Fungus (GO:0050832),2/29,0.00013278088986713743,0.0036680720825796,0,0,147.85925925925926,1319.9115485815607,S100A9;S100A8
GO_Biological_Process_2023,Positive Regulation Of Intracellular Signal Transduction (GO:1902533),4/525,0.00019647081229043903,0.004824449946243,0,0,18.682341650671784,159.45372388184038,PELI1;S100A9;S100A8;LIMS1
GO_Biological_Process_2023,Positive Regulation Of Intrinsic Apoptotic Signaling Pathway (GO:2001244),2/39,0.0002415360833479079,0.0053379474419887,0,0,107.84324324324324,898.1715543742162,S100A9;S100A8
GO_Biological_Process_2023,Regulation Of Inflammatory Response (GO:0050727),3/240,0.0003465375445121919,0.006751220919326,0,0,27.77918424753868,221.33118917602707,AHR;S100A9;S100A8
GO_Biological_Process_2023,Regulation Of Intrinsic Apoptotic Signaling Pathway (GO:2001242),2/48,0.00036658213136612,0.006751220919326,0,0,86.70434782608696,685.9430634910701,S100A9;S100A8
GO_Biological_Process_2023,Positive Regulation Of Apoptotic Signaling Pathway (GO:2001235),2/62,0.0006116859859072667,0.0103986617604235,0,0,66.42666666666666,491.5102701763712,S100A9;S100A8
GO_Biological_Process_2023,Activation Of Cysteine-Type Endopeptidase Activity Involved In Apoptotic Process (GO:0006919),2/67,0.0007140068594000316,0.011271108280529,0,0,61.30153846153846,444.1062282714842,S100A9;S100A8
GO_Biological_Process_2023,Neutrophil Chemotaxis (GO:0030593),2/70,0.0007791063560372328,0.0114788336456152,0,0,58.588235294117645,419.3372670889321,S100A9;S100A8
GO_Biological_Process_2023,Granulocyte Chemotaxis (GO:0071621),2/73,0.0008469756722727654,0.0116988514732675,0,0,56.10422535211268,396.8722341307689,S100A9;S100A8
GO_Biological_Process_2023,Neutrophil Migration (GO:1990266),2/77,0.0009417620184047382,0.0122429062392615,0,0,53.101333333333336,369.9972374727496,S100A9;S100A8
GO_Biological_Process_2023,Positive Regulation Of Growth (GO:0045927),2/81,0.0010414372915721,0.012786535635413,0,0,50.40253164556962,346.1219220422897,S100A9;S100A8
GO_Biological_Process_2023,Positive Regulation Of Inflammatory Response (GO:0050729),2/104,0.0017084445064334,0.0196019094863576,0,0,38.9921568627451,248.4647289250997,S100A9;S100A8
GO_Biological_Process_2023,Positive Regulation Of Cell Growth (GO:0030307),2/106,0.0017739284603038,0.0196019094863576,0,0,38.238461538461536,242.22378008037745,S100A9;S100A8
GO_Biological_Process_2023,Positive Regulation Of Cysteine-Type Endopeptidase Activity Involved In Apoptotic Process (GO:0043280),2/109,0.0018743777837072,0.0197255947713949,0,0,37.160747663551405,233.35011686390425,S100A9;S100A8
GO_Biological_Process_2023,Negative Regulation Of Nucleic Acid-Templated Transcription (GO:1903507),3/456,0.0022220114767887,0.0223211152895598,0,0,14.374540103016924,87.81898765825838,HMGA1;AHR;LIMS1
GO_Biological_Process_2023,Positive Regulation Of Defense Response (GO:0031349),2/124,0.0024163697244848,0.0228365627450516,0,0,32.5672131147541,196.23338369839547,S100A9;S100A8
GO_Biological_Process_2023,Positive Regulation Of Hemoglobin Biosynthetic Process (GO:0046985),1/5,0.0029966530298936,0.0228365627450516,0,0,454.1818181818182,2638.914119276588,SLC25A37
GO_Biological_Process_2023,Dermatan Sulfate Metabolic Process (GO:0030205),1/5,0.0029966530298936,0.0228365627450516,0,0,454.1818181818182,2638.914119276588,DSE
GO_Biological_Process_2023,Dermatan Sulfate Proteoglycan Metabolic Process (GO:0050655),1/5,0.0029966530298936,0.0228365627450516,0,0,454.1818181818182,2638.914119276588,DSE
GO_Biological_Process_2023,Astrocyte Differentiation (GO:0048708),1/5,0.0029966530298936,0.0228365627450516,0,0,454.1818181818182,2638.914119276588,S100A9
GO_Biological_Process_2023,Autocrine Signaling (GO:0035425),1/5,0.0029966530298936,0.0228365627450516,0,0,454.1818181818182,2638.914119276588,S100A9
GO_Biological_Process_2023,Negative Regulation Of Cell Size (GO:0045792),1/5,0.0029966530298936,0.0228365627450516,0,0,454.1818181818182,2638.914119276588,RDX
GO_Biological_Process_2023,Regulation Of Gene Expression (GO:0010468),4/1127,0.0034466301418004,0.0241259522401642,0,0,8.399376669634906,47.62747517806768,RDX;HMGA1;AHR;LIMS1
GO_Biological_Process_2023,Regulation Of Hemoglobin Biosynthetic Process (GO:0046984),1/6,0.0035949984464796,0.0241259522401642,0,0,363.3272727272727,2044.8828145385055,SLC25A37
GO_Biological_Process_2023,Positive Regulation Of Striated Muscle Contraction (GO:0045989),1/6,0.0035949984464796,0.0241259522401642,0,0,363.3272727272727,2044.8828145385055,GSTO1
GO_Biological_Process_2023,Positive Regulation Of NF-kappaB Transcription Factor Activity (GO:0051092),2/152,0.0036025177553186,0.0241259522401642,0,0,26.450666666666667,148.81468562267585,S100A9;S100A8
GO_Biological_Process_2023,Positive Regulation Of Response To External Stimulus (GO:0032103),2/155,0.0037428635917468,0.0243286133463545,0,0,25.9281045751634,144.88376689825418,S100A9;S100A8
GO_Biological_Process_2023,Monosaccharide Biosynthetic Process (GO:0046364),1/7,0.0041930151049605,0.0250447658971965,0,0,302.7575757575757,1657.3964565725007,DSE
GO_Biological_Process_2023,Positive Regulation Of Ryanodine-Sensitive Calcium-Release Channel Activity (GO:0060316),1/7,0.0041930151049605,0.0250447658971965,0,0,302.7575757575757,1657.3964565725007,GSTO1
GO_Biological_Process_2023,Dermatan Sulfate Proteoglycan Biosynthetic Process (GO:0050651),1/7,0.0041930151049605,0.0250447658971965,0,0,302.7575757575757,1657.3964565725007,DSE
GO_Biological_Process_2023,Regulation Of Protein Localization To Early Endosome (GO:1902965),1/8,0.0047907030934129,0.025823058137665,0,0,259.4935064935065,1385.975083259077,RDX
GO_Biological_Process_2023,Positive Regulation Of Protein Localization To Early Endosome (GO:1902966),1/8,0.0047907030934129,0.025823058137665,0,0,259.4935064935065,1385.975083259077,RDX
GO_Biological_Process_2023,Positive Regulation Of Protein Localization To Endosome (GO:1905668),1/8,0.0047907030934129,0.025823058137665,0,0,259.4935064935065,1385.975083259077,RDX
GO_Biological_Process_2023,Positive Regulation Of Early Endosome To Late Endosome Transport (GO:2000643),1/8,0.0047907030934129,0.025823058137665,0,0,259.4935064935065,1385.975083259077,RDX
GO_Biological_Process_2023,Negative Regulation Of Necroptotic Process (GO:0060546),1/9,0.0053880625223818,0.0259745885666131,0,0,227.04545454545453,1185.9876925180256,PELI1
GO_Biological_Process_2023,Chondroitin Sulfate Proteoglycan Metabolic Process (GO:0050654),1/9,0.0053880625223818,0.0259745885666131,0,0,227.04545454545453,1185.9876925180256,DSE
GO_Biological_Process_2023,Iron Ion Transmembrane Transport (GO:0034755),1/9,0.0053880625223818,0.0259745885666131,0,0,227.04545454545453,1185.9876925180256,SLC25A37
GO_Biological_Process_2023,Positive Regulation Of Protein Metabolic Process (GO:0051247),2/196,0.0059116845123651,0.0259745885666131,0,0,20.406185567010308,104.70055605687728,SLC25A37;RDX
GO_Biological_Process_2023,Regulation Of Programmed Necrotic Cell Death (GO:0062098),1/10,0.0059850935124877,0.0259745885666131,0,0,201.8080808080808,1032.9512945731403,PELI1
GO_Biological_Process_2023,Negative Regulation Of Homotypic Cell-Cell Adhesion (GO:0034111),1/10,0.0059850935124877,0.0259745885666131,0,0,201.8080808080808,1032.9512945731403,RDX
GO_Biological_Process_2023,Cellular Response To Forskolin (GO:1904322),1/10,0.0059850935124877,0.0259745885666131,0,0,201.8080808080808,1032.9512945731403,AHR
GO_Biological_Process_2023,Negative Regulation Of Programmed Necrotic Cell Death (GO:0062099),1/10,0.0059850935124877,0.0259745885666131,0,0,201.8080808080808,1032.9512945731403,PELI1
GO_Biological_Process_2023,Response To Forskolin (GO:1904321),1/10,0.0059850935124877,0.0259745885666131,0,0,201.8080808080808,1032.9512945731403,AHR
GO_Biological_Process_2023,Defense Response To Bacterium (GO:0042742),2/204,0.0063883635667253,0.0259745885666131,0,0,19.59009900990099,98.99419942329884,S100A9;S100A8
GO_Biological_Process_2023,Regulation Of Homotypic Cell-Cell Adhesion (GO:0034110),1/11,0.0065817961978748,0.0259745885666131,0,0,181.61818181818185,912.3494182081016,RDX
GO_Biological_Process_2023,Cellular Response To Thyroid Hormone Stimulus (GO:0097067),1/11,0.0065817961978748,0.0259745885666131,0,0,181.61818181818185,912.3494182081016,RDX
GO_Biological_Process_2023,Negative Regulation Of Release Of Sequestered Calcium Ion Into Cytosol (GO:0051280),1/11,0.0065817961978748,0.0259745885666131,0,0,181.61818181818185,912.3494182081016,GSTO1
GO_Biological_Process_2023,Negative Regulation Of Ryanodine-Sensitive Calcium-Release Channel Activity (GO:0060315),1/11,0.0065817961978748,0.0259745885666131,0,0,181.61818181818185,912.3494182081016,GSTO1
GO_Biological_Process_2023,Positive Regulation Of Cytoplasmic Transport (GO:1903651),1/11,0.0065817961978748,0.0259745885666131,0,0,181.61818181818185,912.3494182081016,RDX
GO_Biological_Process_2023,Regulation Of GTPase Activity (GO:0043087),2/214,0.0070082635156701,0.0264395954664814,0,0,18.656603773584905,92.54916740198226,RDX;LIMS1
GO_Biological_Process_2023,Positive Regulation Of Integrin-Mediated Signaling Pathway (GO:2001046),1/12,0.0071781707148818,0.0264395954664814,0,0,165.099173553719,815.046857216495,LIMS1
GO_Biological_Process_2023,Regulation Of Actin Filament Organization (GO:0110053),1/12,0.0071781707148818,0.0264395954664814,0,0,165.099173553719,815.046857216495,RDX
GO_Biological_Process_2023,Response To Thyroid Hormone (GO:0097066),1/12,0.0071781707148818,0.0264395954664814,0,0,165.099173553719,815.046857216495,RDX
GO_Biological_Process_2023,Cellular Response To Arsenic-Containing Substance (GO:0071243),1/13,0.0077742172076079,0.0279944377698677,0,0,151.33333333333334,735.0172993440868,GSTO1
GO_Biological_Process_2023,Regulation Of Cell Growth (GO:0001558),2/227,0.007853643175257,0.0279944377698677,0,0,17.56711111111111,85.14388337208578,S100A9;S100A8
GO_Biological_Process_2023,Inflammatory Response (GO:0006954),2/236,0.0084647696945647,0.0296938746428384,0,0,16.883760683760684,80.5666462934082,S100A9;S100A8
GO_Biological_Process_2023,Astrocyte Development (GO:0014002),1/15,0.0089653267055102,0.0306209593163972,0,0,129.7012987012987,611.4626002996463,S100A9
GO_Biological_Process_2023,Positive Regulation Of DNA-binding Transcription Factor Activity (GO:0051091),2/246,0.0091683321030275,0.0306209593163972,0,0,16.18360655737705,75.93348027624658,S100A9;S100A8
GO_Biological_Process_2023,Protein Kinase A Signaling (GO:0010737),1/16,0.0095603900128118,0.0306209593163972,0,0,121.04848484848485,562.8907982194623,RDX
GO_Biological_Process_2023,Protein Localization To Mitochondrion (GO:0070585),1/16,0.0095603900128118,0.0306209593163972,0,0,121.04848484848485,562.8907982194623,RALA
GO_Biological_Process_2023,Chondroitin Sulfate Metabolic Process (GO:0030204),1/16,0.0095603900128118,0.0306209593163972,0,0,121.04848484848485,562.8907982194623,DSE
GO_Biological_Process_2023,Regulation Of Cardiac Muscle Contraction By Regulation Of The Release Of Sequestered Calcium Ion (GO:0010881),1/16,0.0095603900128118,0.0306209593163972,0,0,121.04848484848485,562.8907982194623,GSTO1
GO_Biological_Process_2023,Regulation Of Adaptive Immune Response (GO:0002819),1/18,0.0107495345067081,0.0325698628322702,0,0,106.79679144385028,484.0984098875249,AHR
GO_Biological_Process_2023,Nucleosome Disassembly (GO:0006337),1/18,0.0107495345067081,0.0325698628322702,0,0,106.79679144385028,484.0984098875249,HMGA1
GO_Biological_Process_2023,Positive Regulation Of Focal Adhesion Assembly (GO:0051894),1/18,0.0107495345067081,0.0325698628322702,0,0,106.79679144385028,484.0984098875249,LIMS1
GO_Biological_Process_2023,Regulation Of Early Endosome To Late Endosome Transport (GO:2000641),1/19,0.0113436160025479,0.0325698628322702,0,0,100.85858585858584,451.7557080600296,RDX
GO_Biological_Process_2023,Positive Regulation Of Mitochondrial Fission (GO:0090141),1/19,0.0113436160025479,0.0325698628322702,0,0,100.85858585858584,451.7557080600296,RALA
GO_Biological_Process_2023,Regulation Of Integrin-Mediated Signaling Pathway (GO:2001044),1/19,0.0113436160025479,0.0325698628322702,0,0,100.85858585858584,451.7557080600296,LIMS1
GO_Biological_Process_2023,Xenobiotic Catabolic Process (GO:0042178),1/19,0.0113436160025479,0.0325698628322702,0,0,100.85858585858584,451.7557080600296,GSTO1
GO_Biological_Process_2023,DNA Unwinding Involved In DNA Replication (GO:0006268),1/20,0.0119373705403343,0.0325698628322702,0,0,95.54545454545456,423.0830518492731,HMGA1
GO_Biological_Process_2023,protein-DNA Complex Disassembly (GO:0032986),1/20,0.0119373705403343,0.0325698628322702,0,0,95.54545454545456,423.0830518492731,HMGA1
GO_Biological_Process_2023,Regulation Of Necroptotic Process (GO:0060544),1/20,0.0119373705403343,0.0325698628322702,0,0,95.54545454545456,423.0830518492731,PELI1
GO_Biological_Process_2023,Regulation Of Cardiac Muscle Contraction By Calcium Ion Signaling (GO:0010882),1/20,0.0119373705403343,0.0325698628322702,0,0,95.54545454545456,423.0830518492731,GSTO1
GO_Biological_Process_2023,Endothelial Cell Development (GO:0001885),1/20,0.0119373705403343,0.0325698628322702,0,0,95.54545454545456,423.0830518492731,RDX
GO_Biological_Process_2023,Negative Regulation Of GTPase Activity (GO:0034260),1/21,0.0125307982775315,0.0337720295040789,0,0,90.76363636363637,397.5053179562565,RDX
GO_Biological_Process_2023,Regulation Of Release Of Sequestered Calcium Ion Into Cytosol By Sarcoplasmic Reticulum (GO:0010880),1/22,0.0131238993688258,0.0349443585603676,0,0,86.43722943722943,374.560203730456,GSTO1
GO_Biological_Process_2023,Glial Cell Development (GO:0021782),1/23,0.013716673976595,0.035663352339147,0,0,82.50413223140495,353.872030109198,S100A9
GO_Biological_Process_2023,Positive Regulation Of Cell-Substrate Junction Organization (GO:0150117),1/23,0.013716673976595,0.035663352339147,0,0,82.50413223140495,353.872030109198,LIMS1
GO_Biological_Process_2023,Regulation Of Ruffle Assembly (GO:1900027),1/24,0.014309122256811,0.0359354093040367,0,0,78.91304347826087,335.1324919763037,RDX
GO_Biological_Process_2023,Regulation Of Ryanodine-Sensitive Calcium-Release Channel Activity (GO:0060314),1/24,0.014309122256811,0.0359354093040367,0,0,78.91304347826087,335.1324919763037,GSTO1
GO_Biological_Process_2023,Positive Regulation Of ERBB Signaling Pathway (GO:1901186),1/24,0.014309122256811,0.0359354093040367,0,0,78.91304347826087,335.1324919763037,RALA
GO_Biological_Process_2023,Regulation Of Cell Size (GO:0008361),1/25,0.0149012443701484,0.0370019663573348,0,0,75.62121212121212,318.08630270790064,RDX
GO_Biological_Process_2023,Regulation Of Actin Filament Bundle Assembly (GO:0032231),1/26,0.0154930404733183,0.0376259554352017,0,0,72.59272727272727,302.5203442580517,RDX
GO_Biological_Process_2023,cAMP-mediated Signaling (GO:0019933),1/26,0.0154930404733183,0.0376259554352017,0,0,72.59272727272727,302.5203442580517,AHR
GO_Biological_Process_2023,Positive Regulation Of Calcium Ion Transmembrane Transporter Activity (GO:1901021),1/27,0.0160845107297618,0.0378157113965676,0,0,69.7972027972028,288.2553656873905,GSTO1
GO_Biological_Process_2023,Regulation Of Mitochondrial Fission (GO:0090140),1/27,0.0160845107297618,0.0378157113965676,0,0,69.7972027972028,288.2553656873905,RALA
GO_Biological_Process_2023,Positive Regulation Of Filopodium Assembly (GO:0051491),1/27,0.0160845107297618,0.0378157113965676,0,0,69.7972027972028,288.2553656873905,RALA
GO_Biological_Process_2023,Establishment Of Endothelial Barrier (GO:0061028),1/28,0.0166756552976705,0.0383887481331789,0,0,67.20875420875421,275.1395602176083,RDX
GO_Biological_Process_2023,Negative Regulation Of Cation Channel Activity (GO:2001258),1/28,0.0166756552976705,0.0383887481331789,0,0,67.20875420875421,275.1395602176083,GSTO1
GO_Biological_Process_2023,Negative Regulation Of Calcium Ion Transmembrane Transporter Activity (GO:1901020),1/30,0.0178569680089386,0.0406844322677879,0,0,62.56739811912226,251.8563944353508,GSTO1
GO_Biological_Process_2023,Cellular Response To cAMP (GO:0071320),1/31,0.0184471364708874,0.0411799713137991,0,0,60.47878787878788,241.4824938489569,AHR
GO_Biological_Process_2023,Positive Regulation Of G1/S Transition Of Mitotic Cell Cycle (GO:1900087),1/31,0.0184471364708874,0.0411799713137991,0,0,60.47878787878788,241.4824938489569,RDX
GO_Biological_Process_2023,Positive Regulation Of Macromolecule Metabolic Process (GO:0010604),2/364,0.0193258724257325,0.0421112247542647,0,0,10.843093922651931,42.79021583967396,RDX;LIMS1
GO_Biological_Process_2023,Carboxylic Acid Metabolic Process (GO:0019752),1/33,0.0196264984148835,0.0421112247542647,0,0,56.69318181818182,222.85379213708367,GSTO1
GO_Biological_Process_2023,Positive Regulation Of Release Of Sequestered Calcium Ion Into Cytosol (GO:0051281),1/33,0.0196264984148835,0.0421112247542647,0,0,56.69318181818182,222.85379213708367,GSTO1
GO_Biological_Process_2023,Positive Regulation Of Epidermal Growth Factor Receptor Signaling Pathway (GO:0045742),1/33,0.0196264984148835,0.0421112247542647,0,0,56.69318181818182,222.85379213708367,RALA
GO_Biological_Process_2023,Positive Regulation Of Substrate Adhesion-Dependent Cell Spreading (GO:1900026),1/35,0.0208045614562384,0.043892765119816,0,0,53.35294117647059,206.61369382894844,LIMS1
GO_Biological_Process_2023,Negative Regulation Of DNA-templated Transcription (GO:0045892),3/1025,0.0208540286768356,0.043892765119816,0,0,6.185909980430528,23.9407590821942,HMGA1;AHR;LIMS1
GO_Biological_Process_2023,Regulation Of Cellular Component Biogenesis (GO:0044087),1/37,0.0219813268798694,0.0449351204354071,0,0,50.38383838383838,192.34342502593887,RDX
GO_Biological_Process_2023,Establishment Of Protein Localization To Plasma Membrane (GO:0061951),1/38,0.0225692233861094,0.0449351204354071,0,0,49.01965601965602,185.8417560701345,RDX
GO_Biological_Process_2023,Tumor Necrosis Factor-Mediated Signaling Pathway (GO:0033209),1/38,0.0225692233861094,0.0449351204354071,0,0,49.01965601965602,185.8417560701345,LIMS1
GO_Biological_Process_2023,Response To cAMP (GO:0051591),1/38,0.0225692233861094,0.0449351204354071,0,0,49.01965601965602,185.8417560701345,AHR
GO_Biological_Process_2023,Positive Regulation Of Cation Channel Activity (GO:2001259),1/38,0.0225692233861094,0.0449351204354071,0,0,49.01965601965602,185.8417560701345,GSTO1
GO_Biological_Process_2023,Response To Transforming Growth Factor Beta (GO:0071559),1/38,0.0225692233861094,0.0449351204354071,0,0,49.01965601965602,185.8417560701345,LIMS1
GO_Biological_Process_2023,Water-Soluble Vitamin Metabolic Process (GO:0006767),1/40,0.023744044790362,0.0452364991264656,0,0,46.5011655011655,173.93405340895535,GSTO1
GO_Biological_Process_2023,Cyclic-Nucleotide-Mediated Signaling (GO:0019935),1/40,0.023744044790362,0.0452364991264656,0,0,46.5011655011655,173.93405340895535,AHR
GO_Biological_Process_2023,Positive Regulation Of Cell Cycle G1/S Phase Transition (GO:1902808),1/40,0.023744044790362,0.0452364991264656,0,0,46.5011655011655,173.93405340895535,RDX
GO_Biological_Process_2023,Negative Regulation Of Cell-Cell Adhesion (GO:0022408),1/40,0.023744044790362,0.0452364991264656,0,0,46.5011655011655,173.93405340895535,RDX
GO_Biological_Process_2023,Endothelial Cell Migration (GO:0043542),1/40,0.023744044790362,0.0452364991264656,0,0,46.5011655011655,173.93405340895535,S100A9
GO_Biological_Process_2023,DNA Duplex Unwinding (GO:0032508),1/41,0.0243309700172123,0.0459584989214011,0,0,45.33636363636364,168.47016546086343,HMGA1
GO_Biological_Process_2023,Regulation Of Filopodium Assembly (GO:0051489),1/43,0.0255038503063682,0.0468768053547363,0,0,43.17316017316017,158.39912320457492,RALA
GO_Biological_Process_2023,Positive Regulation Of Cell-Matrix Adhesion (GO:0001954),1/43,0.0255038503063682,0.0468768053547363,0,0,43.17316017316017,158.39912320457492,LIMS1
GO_Biological_Process_2023,Regulation Of Cellular Component Size (GO:0032535),1/43,0.0255038503063682,0.0468768053547363,0,0,43.17316017316017,158.39912320457492,RDX
GO_Biological_Process_2023,Establishment Of Protein Localization To Mitochondrion (GO:0072655),1/44,0.02608980569517,0.0468768053547363,0,0,42.16701902748415,153.74983290143678,RALA
GO_Biological_Process_2023,Cellular Response To Ketone (GO:1901655),1/44,0.02608980569517,0.0468768053547363,0,0,42.16701902748415,153.74983290143678,AHR
GO_Biological_Process_2023,Regulation Of Cell-Substrate Adhesion (GO:0010810),1/44,0.02608980569517,0.0468768053547363,0,0,42.16701902748415,153.74983290143678,LIMS1
GO_Biological_Process_2023,Epithelial Cell Migration (GO:0010631),1/46,0.0272607477638806,0.048197002046541,0,0,40.28888888888889,145.1329634798573,S100A9
GO_Biological_Process_2023,Regulation Of Epidermal Growth Factor Receptor Signaling Pathway (GO:0042058),1/46,0.0272607477638806,0.048197002046541,0,0,40.28888888888889,145.1329634798573,RALA
GO_Biological_Process_2023,Epithelial To Mesenchymal Transition (GO:0001837),1/47,0.0278457347637399,0.0484559636439883,0,0,39.41106719367589,141.13400615713857,LIMS1
GO_Biological_Process_2023,Negative Regulation Of Hydrolase Activity (GO:0051346),1/47,0.0278457347637399,0.0484559636439883,0,0,39.41106719367589,141.13400615713857,RDX
GO_Biological_Process_2023,Regulation Of Nucleic Acid-Templated Transcription (GO:1903506),2/452,0.0289556575470613,0.0499937524835981,0,0,8.683555555555555,30.757064070458444,HMGA1;AHR
Reactome_2022,Gene And Protein Expression By JAK-STAT Signaling After Interleukin-12 Stimulation R-HSA-8950505,3/35,1.0683813221015495e-06,0.00010576975088805342,0,0,207.875,2858.149423571084,RALA;GSTO1;S100A9
Reactome_2022,Interleukin-12 Signaling R-HSA-9020591,3/44,2.155357208209108e-06,0.00010669018180635084,0,0,162.17073170731706,2115.9313938107307,RALA;GSTO1;S100A9
Reactome_2022,Interleukin-12 Family Signaling R-HSA-447115,3/54,4.023071001349199e-06,0.0001223466157394029,0,0,130.30718954248366,1618.866810652896,RALA;GSTO1;S100A9
Reactome_2022,Metal Sequestration By Antimicrobial Proteins R-HSA-6799990,2/6,4.94329760563244e-06,0.0001223466157394029,0,0,999.2,12207.703935625586,S100A9;S100A8
Reactome_2022,MyD88:MAL(TIRAP) Cascade Initiated On Plasma Membrane R-HSA-166058,3/112,3.625040218244589e-05,0.0006214914003758725,0,0,60.79204892966361,621.6023528159419,PELI1;S100A9;S100A8
Reactome_2022,MyD88 Deficiency (TLR2/4) R-HSA-5602498,2/17,4.465619417260624e-05,0.0006214914003758725,0,0,266.3066666666667,2667.465395819719,S100A9;S100A8
Reactome_2022,Regulation Of TLR By Endogenous Ligand R-HSA-5686938,2/18,5.022152730310081e-05,0.0006214914003758725,0,0,249.65,2471.302024734932,S100A9;S100A8
Reactome_2022,IRAK4 Deficiency (TLR2/4) R-HSA-5603041,2/18,5.022152730310081e-05,0.0006214914003758725,0,0,249.65,2471.302024734932,S100A9;S100A8
Reactome_2022,Toll Like Receptor 4 (TLR4) Cascade R-HSA-166016,3/140,7.051632109994884e-05,0.0007756795320994372,0,0,48.2992700729927,461.72490781114647,PELI1;S100A9;S100A8
Reactome_2022,RHO GTPases Activate NADPH Oxidases R-HSA-5668599,2/24,9.041513427391056e-05,0.0008951098293117147,0,0,181.5090909090909,1690.049094896529,S100A9;S100A8
Reactome_2022,Toll-like Receptor Cascades R-HSA-168898,3/162,0.0001087668014740999,0.000918035977678334,0,0,41.57023060796646,379.3825786567856,PELI1;S100A9;S100A8
Reactome_2022,Signaling By Interleukins R-HSA-449147,4/453,0.0001112770882034344,0.000918035977678334,0,0,21.758351893095767,198.07687745335704,RALA;GSTO1;PELI1;S100A9
Reactome_2022,Diseases Associated With TLR Signaling Cascade R-HSA-5602358,2/31,0.0001519754404094439,0.0011573514308103,0,0,137.64827586206897,1210.1749591161836,S100A9;S100A8
Reactome_2022,Cytokine Signaling In Immune System R-HSA-1280215,4/702,0.0005946188536674868,0.0042048047509343,0,0,13.818051575931232,102.6348208723397,RALA;GSTO1;PELI1;S100A9
Reactome_2022,Antimicrobial Peptides R-HSA-6803157,2/89,0.0012553745188338,0.0077676298352844,0,0,45.74942528735632,305.6208615611234,S100A9;S100A8
Reactome_2022,ER-Phagosome Pathway R-HSA-1236974,2/89,0.0012553745188338,0.0077676298352844,0,0,45.74942528735632,305.6208615611234,S100A9;S100A8
Reactome_2022,Antigen processing-Cross Presentation R-HSA-1236975,2/104,0.0017084445064334,0.0099491768315829,0,0,38.9921568627451,248.4647289250997,S100A9;S100A8
Reactome_2022,APOBEC3G Mediated Resistance To HIV-1 R-HSA-180689,1/6,0.0035949984464796,0.0197670712090995,0,0,363.3272727272727,2044.8828145385055,HMGA1
Reactome_2022,Immune System R-HSA-168256,5/1943,0.0038011648255306,0.0197670712090995,0,0,6.652661064425771,37.07160602155261,RALA;GSTO1;PELI1;S100A9;S100A8
Reactome_2022,Aryl Hydrocarbon Receptor Signaling R-HSA-8937144,1/7,0.0041930151049605,0.0197670712090995,0,0,302.7575757575757,1657.3964565725007,AHR
Reactome_2022,Vitamin C (Ascorbate) Metabolism R-HSA-196836,1/7,0.0041930151049605,0.0197670712090995,0,0,302.7575757575757,1657.3964565725007,GSTO1
Reactome_2022,2-LTR Circle Formation R-HSA-164843,1/8,0.0047907030934129,0.0206208524455602,0,0,259.4935064935065,1385.975083259077,HMGA1
Reactome_2022,Regulation Of Cytoskeletal Remodeling And Cell Spreading By IPP Complex Components R-HSA-446388,1/8,0.0047907030934129,0.0206208524455602,0,0,259.4935064935065,1385.975083259077,LIMS1
Reactome_2022,IRAK1 Recruits IKK Complex R-HSA-937039,1/10,0.0059850935124877,0.0237009703094515,0,0,201.8080808080808,1032.9512945731403,PELI1
Reactome_2022,Integration Of Provirus R-HSA-162592,1/10,0.0059850935124877,0.0237009703094515,0,0,201.8080808080808,1032.9512945731403,HMGA1
Reactome_2022,Dermatan Sulfate Biosynthesis R-HSA-2022923,1/11,0.0065817961978748,0.0250614547534464,0,0,181.61818181818185,912.3494182081016,DSE
Reactome_2022,p38MAPK Events R-HSA-171007,1/12,0.0071781707148818,0.0256821813297778,0,0,165.099173553719,815.046857216495,RALA
Reactome_2022,Biological Oxidations R-HSA-211859,2/218,0.0072636472447856,0.0256821813297778,0,0,18.307407407407407,90.16166012014216,GSTO1;AHR
Reactome_2022,Mitochondrial Iron-Sulfur Cluster Biogenesis R-HSA-1362409,1/13,0.0077742172076079,0.026539569088041,0,0,151.33333333333334,735.0172993440868,SLC25A37
Reactome_2022,Methylation R-HSA-156581,1/14,0.0083699358209422,0.0276207882091093,0,0,139.6853146853147,668.1300945358273,GSTO1
Reactome_2022,Early Phase Of HIV Life Cycle R-HSA-162594,1/16,0.0095603900128118,0.0295774566021365,0,0,121.04848484848485,562.8907982194623,HMGA1
Reactome_2022,Cell-extracellular Matrix Interactions R-HSA-446353,1/16,0.0095603900128118,0.0295774566021365,0,0,121.04848484848485,562.8907982194623,LIMS1
Reactome_2022,Formation Of Senescence-Associated Heterochromatin Foci (SAHF) R-HSA-2559584,1/17,0.0101551258956082,0.0304653776868246,0,0,113.47727272727272,520.8353408254836,HMGA1
Reactome_2022,RHO GTPase Effectors R-HSA-195258,2/269,0.0108830444929385,0.0316888648470857,0,0,14.772284644194755,66.77884029834078,S100A9;S100A8
Reactome_2022,Signaling To RAS R-HSA-167044,1/19,0.0113436160025479,0.0320862281214927,0,0,100.85858585858584,451.7557080600296,RALA
Reactome_2022,Xenobiotics R-HSA-211981,1/24,0.014309122256811,0.0393500862062303,0,0,78.91304347826087,335.1324919763037,AHR
Reactome_2022,Endogenous Sterols R-HSA-211976,1/27,0.0160845107297618,0.043036934114768,0,0,69.7972027972028,288.2553656873905,AHR
Reactome_2022,Recycling Pathway Of L1 R-HSA-437239,1/28,0.0166756552976705,0.0434444703807731,0,0,67.20875420875421,275.1395602176083,RDX
Reactome_2022,Regulation Of Necroptotic Cell Death R-HSA-5675482,1/29,0.0172664743371053,0.0438302810095752,0,0,64.8051948051948,263.043544162992,PELI1
Reactome_2022,RIPK1-mediated Regulated Necrosis R-HSA-5213460,1/31,0.0184471364708874,0.0456566627654463,0,0,60.47878787878788,241.4824938489569,PELI1
Reactome_2022,Signaling To ERKs R-HSA-187687,1/33,0.0196264984148835,0.0470743573651874,0,0,56.69318181818182,222.85379213708367,RALA
Reactome_2022,Class I MHC Mediated Antigen Processing And Presentation R-HSA-983169,2/378,0.0207463289675478,0.0470743573651874,0,0,10.43191489361702,40.42769656871461,S100A9;S100A8
Reactome_2022,Vpr-mediated Nuclear Import Of PICs R-HSA-180910,1/35,0.0208045614562384,0.0470743573651874,0,0,53.35294117647059,206.61369382894844,HMGA1
Reactome_2022,Glutathione Conjugation R-HSA-156590,1/36,0.0213931062881188,0.0470743573651874,0,0,51.82597402597403,199.25462501506232,GSTO1
Reactome_2022,Innate Immune System R-HSA-168249,3/1035,0.0213974351659943,0.0470743573651874,0,0,6.122739018087855,23.538773514910872,PELI1;S100A9;S100A8
Reactome_2022,Interactions Of Vpr With Host Cellular Proteins R-HSA-176033,1/38,0.0225692233861094,0.0485728938092355,0,0,49.01965601965602,185.8417560701345,HMGA1
