Term,NES,FDR,pval,Lead_genes,metric,gene_set_db
Mitochondrial ATP Synthesis Coupled Electron Transport (GO:0042775),-1.6060077878250911,0.22203145957810025,0.001,NDUFA6;UQCRFS1;SDHC;NDUFS8;COX5B;UQCRC2;NDUFS6;COX6A1;NDUFB8;COX7A2;COX8A;COX4I1;COX6C,wald_stat,GO_Biological_Process_2023
Regulation Of Stress Fiber Assembly (GO:0051492),-1.5997244146661853,0.191171808316059,0.03125,S100A10;CDC42;RHOC;DYNLL1;ACTG1;GPR65;PFN1;ROCK1,wald_stat,GO_Biological_Process_2023
"Mitochondrial Electron Transport, NADH To Ubiquinone (GO:0006120)",-1.5569662935526523,0.21032975072726326,0.03067484662576687,NDUFA6;NDUFS8;NDUFS6;NDUFB8,wald_stat,GO_Biological_Process_2023
Cellular Respiration (GO:0045333),-1.5529472874855297,0.18733081331544935,0.001,NDUFA6;UQCRFS1;SDHC;NDUFS8;COX5B;UQCRC2;NDUFS6;COX6A1;NDUFB8;NDUFB11;COX7A2;COX8A;COX4I1;COX6C;NDUFA13,wald_stat,GO_Biological_Process_2023
Regulation Of Actin Cytoskeleton Organization (GO:0032956),-1.5127892631018647,0.21085233508108767,0.03932584269662921,CDC42;DYNLL1;ROCK1;RICTOR;RHOA;TWF2;BST2;RAC1;ARHGDIA;RHOG,wald_stat,GO_Biological_Process_2023
Cell-Matrix Adhesion (GO:0007160),-1.5018622793010477,0.20267284477502745,0.043478260869565216,CD63;ITGAM;DYNLL1;CD44;ITGAE;ITGAX;ZYX,wald_stat,GO_Biological_Process_2023
Mitochondrial Respiratory Chain Complex I Assembly (GO:0032981),-1.4535573991249935,0.22222899646384586,0.04285714285714286,NDUFA6;NDUFS8;NDUFB8;NDUFB11;NDUFA13;NDUFB9;NDUFS5,wald_stat,GO_Biological_Process_2023
NADH Dehydrogenase Complex Assembly (GO:0010257),-1.4535573991249935,0.22222899646384586,0.04285714285714286,NDUFA6;NDUFS8;NDUFB8;NDUFB11;NDUFA13;NDUFB9;NDUFS5,wald_stat,GO_Biological_Process_2023
Receptor-Mediated Endocytosis (GO:0006898),-1.4344702092148047,0.22661026328871717,0.0743801652892562,ITGAM;M6PR;RNASEK;AP2M1;FCER1G,wald_stat,GO_Biological_Process_2023
